City_ID,City,Lat,Lng,Max Temp,Humidity,Cloudiness,Wind Speed,Country,Date
0,mahebourg,-20.4081,57.7,294.4,88,20,1.54,MU,1670015447
1,luderitz,-26.6481,15.1594,289.39,69,0,10.79,NA,1670015447
2,moron,-34.6534,-58.6198,301.45,63,3,4.37,AR,1670015447
3,hilo,19.7297,-155.09,303.31,96,100,3.6,US,1670015447
4,ta khmau,11.4833,104.95,296.44,94,100,3.25,KH,1670015448
5,avarua,-21.2078,-159.775,301.18,78,40,4.12,CK,1670015448
6,murindo,6.9848,-76.7544,301.06,81,94,0.29,CO,1670015448
7,qaanaaq,77.484,-69.3632,254.49,62,100,3.38,GL,1670015449
8,dongsheng,39.8161,109.9776,262.64,29,100,1.94,CN,1670015315
9,punta arenas,-53.15,-70.9167,284.21,50,40,15.95,CL,1670015390
10,lebu,-37.6167,-73.65,289.91,75,12,5.11,CL,1670015270
11,cape town,-33.9258,18.4232,290.01,70,93,1.79,ZA,1670015337
12,nikolskoye,59.7035,30.7861,266.09,82,100,2.54,RU,1670015450
13,airai,-8.9266,125.4092,287.85,78,74,0.87,TL,1670015450
14,arraial do cabo,-22.9661,-42.0278,297.07,83,75,12.35,BR,1670015450
15,saldanha,-33.0117,17.9442,289.04,73,70,7.97,ZA,1670015450
16,kazachinskoye,57.6953,93.2761,254.16,93,100,4.03,RU,1670015451
17,fort nelson,58.8053,-122.7002,258.11,76,19,0.7,CA,1670015451
18,tarko-sale,64.9225,77.785,256.95,96,87,7.09,RU,1670015451
19,butaritari,3.0707,172.7902,300.51,70,2,7.47,KI,1670015451
20,brodnica,53.2597,19.3965,270.15,70,77,3.6,PL,1670015451
21,wanning,18.8003,110.3967,292.39,91,99,4.78,CN,1670015452
22,vaini,-21.2,-175.2,302.24,79,20,0.51,TO,1670015452
23,dikson,73.5069,80.5464,255.49,97,62,4.05,RU,1670015452
24,sembe,1.6481,14.5806,294.19,96,92,0.34,CG,1670015453
25,morant bay,17.8815,-76.4093,301.94,78,37,6.31,JM,1670015453
26,waingapu,-9.6567,120.2641,298.77,81,45,2.33,ID,1670015453
27,ekhabi,53.5102,142.9671,249.17,96,62,5.67,RU,1670015454
28,hobart,-42.8794,147.3294,287.74,81,0,5.66,AU,1670015454
29,high level,58.5169,-117.136,257.92,72,99,2.9,CA,1670015454
30,bathsheba,13.2167,-59.5167,299.85,84,75,7.72,BB,1670015455
31,tura,25.5198,90.2201,288.96,88,0,1.71,IN,1670015455
32,severo-kurilsk,50.6789,156.125,269.41,65,93,6.89,RU,1670015455
33,alofi,-19.0595,-169.9187,302.09,74,75,4.12,NU,1670015455
34,kaitangata,-46.2817,169.8464,284.67,59,97,4.58,NZ,1670015455
35,bredasdorp,-34.5322,20.0403,288.13,71,72,5.01,ZA,1670015456
36,rikitea,-23.1203,-134.9692,297.15,72,93,5.76,PF,1670015456
37,taunggyi,20.7833,97.0333,286.85,95,6,0.81,MM,1670015456
38,iranshahr,27.2025,60.6848,288.73,31,0,0.22,IR,1670015229
39,hermanus,-34.4187,19.2345,288.04,69,79,5.8,ZA,1670015457
40,carbondale,37.7273,-89.2168,283.18,70,100,9.26,US,1670015458
41,krasnokholmskiy,55.9873,55.0466,250.49,98,7,1.84,RU,1670015458
42,uyemskiy,64.4743,40.8524,264.18,100,20,3.0,RU,1670015458
43,mopti,14.6667,-4.0,301.43,19,34,2.39,ML,1670015458
44,sao joao da barra,-21.6403,-41.0511,297.2,93,100,8.69,BR,1670015458
45,gornopravdinsk,60.05,69.9,248.81,95,7,1.91,RU,1670015459
46,los llanos de aridane,28.6585,-17.9182,291.01,93,40,10.29,ES,1670015459
47,chapais,49.7834,-74.8492,271.16,83,100,6.26,CA,1670015459
48,namibe,-15.1961,12.1522,295.25,80,100,1.67,AO,1670015459
49,santa lucia,27.9117,-15.5407,288.77,73,40,3.6,ES,1670015460
50,maceio,-9.6658,-35.7353,298.84,83,20,3.6,BR,1670015401
51,ayan,56.45,138.1667,251.85,75,28,6.58,RU,1670015460
52,anapskaya,44.89,37.38,277.28,93,75,11.0,RU,1670015460
53,new norfolk,-42.7826,147.0587,287.55,70,100,0.89,AU,1670015461
54,bethel,41.3712,-73.414,279.2,60,100,3.6,US,1670015196
55,ushuaia,-54.8,-68.3,283.94,71,75,18.52,AR,1670015461
56,terrace bay,48.7834,-87.1,275.23,76,100,7.6,CA,1670015461
57,makinsk,52.6292,70.4169,253.73,99,98,5.02,KZ,1670015461
58,asau,46.4333,26.4,272.75,97,98,0.2,RO,1670015462
59,atar,20.5169,-13.0499,293.97,19,0,3.16,MR,1670015462
60,busselton,-33.65,115.3333,286.64,93,13,3.49,AU,1670015462
61,sistranda,63.7256,8.834,274.13,63,10,2.88,NO,1670015462
62,kloulklubed,7.0419,134.2556,298.43,77,100,7.47,PW,1670015463
63,bure,10.7,37.0667,287.44,59,51,2.1,ET,1670015463
64,kapaa,22.0752,-159.319,300.14,84,100,6.69,US,1670015463
65,iqaluit,63.7506,-68.5145,264.0,92,100,9.77,CA,1670015463
66,gazanjyk,39.2446,55.5154,277.71,45,74,5.84,TM,1670015463
67,harper,4.375,-7.7169,298.56,86,76,3.78,LR,1670015464
68,san felipe,10.3399,-68.7425,296.71,90,59,2.43,VE,1670015464
69,orange cove,36.6244,-119.3137,285.72,93,96,2.06,US,1670015291
70,mataura,-46.1927,168.8643,283.42,57,100,2.59,NZ,1670015464
71,port alfred,-33.5906,26.891,291.03,67,23,3.13,ZA,1670015464
72,faro,37.0194,-7.9322,286.46,82,0,2.57,PT,1670015258
73,makushino,55.2103,67.2442,254.75,82,19,2.73,RU,1670015465
74,cidreira,-30.1811,-50.2056,297.0,87,35,4.6,BR,1670015443
75,bluff,-46.6,168.3333,283.6,74,100,7.66,NZ,1670015465
76,aquin,18.2833,-73.4,301.27,58,16,0.31,HT,1670015465
77,tasiilaq,65.6145,-37.6368,273.24,76,88,0.91,GL,1670015466
78,lorengau,-2.0226,147.2712,300.45,79,100,1.03,PG,1670015466
79,bowen,-20.0167,148.2333,296.1,77,5,4.8,AU,1670015466
80,mkushi,-13.6202,29.3939,292.21,67,5,1.97,ZM,1670015467
81,chowchilla,37.123,-120.2602,285.62,62,0,2.06,US,1670015467
82,nakhon phanom,17.3333,104.4167,290.72,82,71,1.2,TH,1670015467
83,egvekinot,66.3167,-179.1667,264.52,89,100,3.25,RU,1670015467
84,manzanillo,20.3433,-77.1167,302.7,45,3,8.55,CU,1670015376
85,arlit,18.7369,7.3853,297.29,17,75,3.28,NE,1670015468
86,saint-philippe,-21.3585,55.7679,295.92,78,9,2.3,RE,1670015468
87,brae,60.3964,-1.353,281.44,82,100,9.6,GB,1670015468
88,ishigaki,24.3448,124.1572,297.57,85,88,6.0,JP,1670015468
89,sanchursk,56.9413,47.2499,253.32,99,25,1.72,RU,1670015468
90,calvinia,-31.4707,19.776,283.28,54,72,1.61,ZA,1670015469
91,khatanga,71.9667,102.5,258.41,96,97,2.81,RU,1670015469
92,dalbandin,28.8947,64.4101,284.24,42,0,3.48,PK,1670015469
93,georgetown,5.4112,100.3354,299.39,89,20,0.0,MY,1670015404
94,puerto ayora,-0.7393,-90.3518,299.13,86,86,3.58,EC,1670015470
95,henties bay,-22.116,14.2845,288.89,89,2,4.34,NA,1670015470
96,yangcun,39.3639,117.0603,268.14,26,47,3.76,CN,1670015470
97,avenal,36.0041,-120.129,283.02,57,100,2.08,US,1670015470
98,torbay,47.6666,-52.7314,275.79,69,19,2.68,CA,1670015471
99,sitka,57.0531,-135.33,274.09,37,0,1.54,US,1670015471
100,agadir,30.4202,-9.5982,290.4,84,0,3.76,MA,1670015261
101,albany,42.6001,-73.9662,277.72,55,25,0.45,US,1670015471
102,ca mau,9.1769,105.15,297.12,92,100,4.32,VN,1670015472
103,semey,50.4111,80.2275,248.02,99,25,1.21,KZ,1670015472
104,vao,-22.6667,167.4833,298.9,88,100,2.68,NC,1670015472
105,salihli,38.4826,28.1477,285.58,86,57,0.67,TR,1670015449
106,rio gallegos,-51.6226,-69.2181,291.18,24,20,20.58,AR,1670015332
107,yeppoon,-23.1333,150.7333,294.03,73,10,7.08,AU,1670015472
108,yellowknife,62.456,-114.3525,240.68,67,65,1.79,CA,1670015419
109,saskylakh,71.9167,114.0833,260.67,95,100,5.24,RU,1670015238
110,yar-sale,66.8333,70.8333,262.52,93,98,4.7,RU,1670015473
111,tomatlan,19.9333,-105.25,305.01,50,0,3.72,MX,1670015473
112,paamiut,61.994,-49.6678,274.68,96,100,18.03,GL,1670015474
113,ambilobe,-13.2,49.05,296.85,90,94,1.11,MG,1670015474
114,rawson,-43.3002,-65.1023,301.96,26,83,9.68,AR,1670015474
115,pizarro,4.9533,-77.366,297.74,89,99,5.04,CO,1670015474
116,east london,-33.0153,27.9116,290.67,59,55,9.03,ZA,1670015284
117,nizhniy odes,63.6445,54.856,262.43,97,99,1.9,RU,1670015475
118,ketchikan,55.3422,-131.6461,272.41,40,0,2.57,US,1670015475
119,nanortalik,60.1432,-45.2371,274.92,96,100,10.45,GL,1670015475
120,banda aceh,5.5577,95.3222,298.35,79,100,1.56,ID,1670015476
121,puerto gaitan,4.3133,-72.0816,303.3,56,63,5.84,CO,1670015292
122,general roca,-39.0333,-67.5833,307.38,10,16,5.65,AR,1670015476
123,ambulu,-8.345,113.6058,297.06,86,100,1.26,ID,1670015476
124,sampit,-2.5333,112.95,296.02,98,100,1.06,ID,1670015477
125,sobolevo,54.4299,31.8996,270.17,88,100,5.22,RU,1670015477
126,jamestown,42.097,-79.2353,280.12,45,100,7.2,US,1670015429
127,chokurdakh,70.6333,147.9167,251.88,95,100,9.57,RU,1670015478
128,kahului,20.8947,-156.47,300.35,71,40,8.75,US,1670015478
129,luanda,-8.8368,13.2343,299.15,83,75,2.57,AO,1670015478
130,fortuna,40.5982,-124.1573,283.67,64,0,4.12,US,1670015478
131,leningradskiy,69.3833,178.4167,261.81,93,100,1.95,RU,1670015478
132,torzhok,57.0436,34.9622,263.81,92,100,2.6,RU,1670015434
133,oliveira de azemeis,40.841,-8.4756,281.38,70,0,2.57,PT,1670015479
134,ahipara,-35.1667,173.1667,289.98,55,56,5.17,NZ,1670015479
135,port elizabeth,-33.918,25.5701,291.54,73,20,11.83,ZA,1670015479
136,ponazyrevo,58.3578,46.3142,257.0,97,62,1.54,RU,1670015479
137,carnarvon,-24.8667,113.6333,293.71,79,6,5.58,AU,1670015480
138,deputatskiy,69.3,139.9,246.9,88,100,11.03,RU,1670015480
139,mbaiki,3.8678,17.9892,296.01,82,97,0.39,CF,1670015480
140,port-cartier,50.0334,-66.8654,265.2,83,100,2.6,CA,1670015480
141,pombia,45.653,8.6336,279.9,91,75,1.54,IT,1670015480
142,guayaramerin,-10.8368,-65.3614,295.24,99,100,0.54,BO,1670015481
143,huadian,42.9633,126.7478,265.74,72,89,7.15,CN,1670015481
144,vila franca do campo,37.7167,-25.4333,285.48,63,28,9.7,PT,1670015481
145,tuktoyaktuk,69.4541,-133.0374,260.15,85,100,6.17,CA,1670015481
146,algiers,36.7525,3.042,288.05,51,75,2.06,DZ,1670015481
147,brownsville,25.9018,-97.4975,296.47,84,100,2.57,US,1670015482
148,grindavik,63.8424,-22.4338,277.41,100,40,2.06,IS,1670015482
149,itambe,-15.245,-40.6244,294.45,98,95,2.2,BR,1670015482
150,cherskiy,68.75,161.3,242.68,98,25,2.05,RU,1670015421
151,ribeira grande,38.5167,-28.7,287.47,51,40,5.36,PT,1670015482
152,tambun,-6.2641,107.0712,298.98,79,100,1.26,ID,1670015482
153,naze,28.3667,129.4833,290.65,89,100,7.92,JP,1670015483
154,sulangan,11.1373,123.7228,300.92,79,100,6.1,PH,1670015483
155,nevel,56.0209,29.9284,267.75,94,100,2.62,RU,1670015483
156,bonoua,5.2741,-3.595,299.94,84,65,3.07,CI,1670015433
157,yerbogachen,61.2767,108.0108,257.02,96,100,3.7,RU,1670015483
158,palmer,42.1584,-72.3287,279.22,52,75,3.6,US,1670015406
159,steinen,47.6445,7.7391,276.69,88,100,4.12,DE,1670015448
160,chernogorsk,53.8236,91.2842,249.91,84,40,1.0,RU,1670015484
161,mar del plata,-38.0023,-57.5575,295.28,68,0,3.13,AR,1670015288
162,buchanan,5.8808,-10.0467,298.71,84,100,3.19,LR,1670015484
163,hay river,60.8156,-115.7999,257.03,93,100,2.05,CA,1670015484
164,bambous virieux,-20.3428,57.7575,294.38,88,20,1.54,MU,1670015484
165,college,64.8569,-147.8028,262.15,81,100,0.0,US,1670015485
166,karratha,-20.7377,116.8463,299.77,53,4,4.19,AU,1670015485
167,dhidhdhoo,6.8833,73.1,300.23,75,94,1.97,MV,1670015485
168,odweyne,9.4092,45.064,293.92,30,87,4.0,SO,1670015486
169,shadegan,30.6497,48.6647,292.84,48,0,4.38,IR,1670015486
170,provideniya,64.3833,-173.3,272.59,91,100,5.84,RU,1670015486
171,ostrovnoy,68.0531,39.5131,267.45,96,94,2.12,RU,1670015486
172,ugra,54.7777,34.3267,268.34,85,100,3.3,RU,1670015486
173,furukawa,38.5717,140.9556,270.01,83,10,0.76,JP,1670015486
174,tororo,0.693,34.1809,291.54,78,31,2.12,UG,1670015487
175,atuona,-9.8,-139.0333,298.71,70,21,9.23,PF,1670015487
176,zalantun,48.0,122.7167,254.25,63,1,6.96,CN,1670015487
177,san cristobal,7.7669,-72.225,297.25,77,93,1.53,VE,1670015488
178,mazatlan,23.2167,-106.4167,304.13,74,0,2.06,MX,1670015488
179,aasiaat,68.7098,-52.8699,276.91,59,100,12.44,GL,1670015334
180,nemuro,43.3236,145.575,272.82,46,17,4.61,JP,1670015488
181,shitanjing,39.2342,106.3439,265.02,34,100,2.37,CN,1670015489
182,konstantinovka,49.6167,127.9833,250.94,98,100,3.96,RU,1670015489
183,agadez,19.75,10.25,294.15,22,100,2.99,NE,1670015204
184,san patricio,28.017,-97.5169,293.64,75,99,3.57,US,1670015489
185,barrow,71.2906,-156.7887,273.16,93,100,12.86,US,1670015490
186,zambezi,-13.5432,23.1047,294.75,57,84,2.28,ZM,1670015490
187,kudahuvadhoo,2.6708,72.8944,299.64,78,70,3.33,MV,1670015490
188,belyy yar,53.6039,91.3903,250.09,85,40,1.0,RU,1670015491
189,suntar,62.1444,117.6319,252.12,95,100,3.34,RU,1670015491
190,vanimo,-2.6741,141.3028,298.03,90,100,3.03,PG,1670015491
191,parrita,9.5201,-84.3225,303.85,76,17,2.27,CR,1670015491
192,bengkulu,-3.8004,102.2655,296.29,93,100,3.26,ID,1670015492
193,acapulco,16.8634,-99.8901,303.05,70,0,3.6,MX,1670015492
194,lavumisa,-27.31,31.892,296.22,67,88,1.95,SZ,1670015492
195,aberdeen,57.1437,-2.0981,280.65,84,75,2.57,GB,1670015477
196,san policarpo,12.1791,125.5072,300.3,85,100,6.79,PH,1670015493
197,souillac,-20.5167,57.5167,294.36,88,20,1.54,MU,1670015334
198,aligudarz,33.4006,49.6949,278.14,67,0,0.68,IR,1670015407
199,faanui,-16.4833,-151.75,300.0,77,44,8.02,PF,1670015493
200,upernavik,72.7868,-56.1549,268.39,55,100,5.4,GL,1670015494
201,lakatoro,-16.0999,167.4164,301.59,78,100,5.64,VU,1670015494
202,kodiak,57.79,-152.4072,269.88,63,0,2.06,US,1670015494
203,kavaratti,10.5669,72.642,300.83,74,41,2.93,IN,1670015494
204,raha,26.2333,92.5167,289.96,86,0,1.56,IN,1670015495
205,saint-pierre,-21.3393,55.4781,295.97,73,0,2.57,RE,1670015495
206,helena,46.5927,-112.0361,271.71,48,75,8.23,US,1670015495
207,hambantota,6.1241,81.1185,297.79,86,78,2.82,LK,1670015210
208,chernenko,44.365,39.3103,278.32,92,100,1.4,RU,1670015495
209,quballat,36.5418,9.6633,286.53,44,100,4.48,TN,1670015495
210,conde,-7.2597,-34.9075,299.85,69,20,3.6,BR,1670015496
211,macamic,48.7502,-78.9996,273.0,80,100,6.45,CA,1670015496
212,tuatapere,-46.1333,167.6833,284.91,55,100,1.52,NZ,1670015497
213,longyearbyen,78.2186,15.6401,277.06,75,75,6.17,SJ,1670015490
214,bilma,18.6853,12.9164,295.47,19,98,2.63,NE,1670015497
215,aykhal,66.0,111.5,255.02,99,100,3.58,RU,1670015497
216,katangli,51.7102,143.2326,252.61,99,99,1.85,RU,1670015498
217,kadoma,34.7333,135.5833,278.14,73,3,1.31,JP,1670015498
218,castro,-24.7911,-50.0119,295.4,76,57,0.94,BR,1670015210
219,korla,41.7597,86.1469,266.87,33,81,1.03,CN,1670015498
220,kapoeta,4.7717,33.5903,301.26,32,67,3.54,SS,1670015499
221,fomboni,-12.28,43.7425,300.01,71,7,3.52,KM,1670015499
222,cabo san lucas,22.8909,-109.9124,302.93,71,0,2.06,MX,1670015238
223,cukai,4.25,103.4167,298.71,93,100,2.04,MY,1670015499
224,fort payne,34.4442,-85.7197,290.61,65,40,3.6,US,1670015268
225,marshalltown,42.0494,-92.908,285.08,62,100,3.6,US,1670015500
226,dakar,14.6937,-17.4441,295.64,59,52,6.27,SN,1670015491
227,daraitan,14.6028,121.4319,298.81,92,97,3.43,PH,1670015500
228,touros,-5.1989,-35.4608,299.32,71,99,5.6,BR,1670015500
229,inhambane,-23.865,35.3833,296.93,83,0,3.71,MZ,1670015242
230,coquimbo,-29.9533,-71.3436,290.0,82,75,5.14,CL,1670015501
231,buraydah,26.326,43.975,291.45,46,8,3.69,SA,1670015474
232,khash,28.2211,61.2158,281.04,54,0,1.78,IR,1670015501
233,cockburn town,21.4612,-71.1419,299.81,66,13,10.73,TC,1670015396
234,senneterre,48.3835,-77.2328,272.63,79,99,6.13,CA,1670015502
235,svetlogorsk,52.6333,29.7333,268.56,91,97,3.12,BY,1670015327
236,beringovskiy,63.05,179.3167,269.81,69,100,5.87,RU,1670015502
237,milkovo,54.7167,158.6167,254.15,97,82,1.52,RU,1670015502
238,jian,27.1172,114.9793,278.35,88,98,1.2,CN,1670015268
239,aklavik,68.2191,-135.0107,260.66,89,100,1.6,CA,1670015503
240,lompoc,34.6391,-120.4579,290.38,89,99,1.79,US,1670015503
241,phek,25.6667,94.5,278.65,97,12,0.8,IN,1670015503
242,bitung,1.4451,125.1824,296.62,83,99,2.4,ID,1670015503
243,pisco,-13.7,-76.2167,293.18,83,0,3.09,PE,1670015503
244,vredendal,-31.6683,18.5012,287.88,65,52,7.29,ZA,1670015504
245,cayenne,4.9333,-52.3333,299.17,89,75,0.51,GF,1670015504
246,fukue,32.6881,128.8419,283.62,55,5,1.45,JP,1670015504
247,khasan,42.4308,130.6434,269.9,59,100,2.4,RU,1670015504
248,cienfuegos,22.1461,-80.4356,301.57,56,26,7.51,CU,1670015505
249,esperance,-33.8667,121.9,288.69,86,4,3.46,AU,1670015505
250,camacha,33.0833,-16.3333,287.83,67,40,11.32,PT,1670015505
251,pevek,69.7008,170.3133,253.96,94,100,3.86,RU,1670015505
252,atikokan,48.7555,-91.6216,271.66,91,100,1.95,CA,1670015506
253,ternate,0.8,127.4,299.66,81,64,1.94,ID,1670015506
254,tazovskiy,67.4667,78.7,263.97,94,100,7.37,RU,1670015506
255,bocanegra,19.85,-99.1,296.86,33,2,2.32,MX,1670015506
256,taoudenni,22.6783,-3.9836,295.97,16,0,2.04,ML,1670015507
257,kruisfontein,-34.0033,24.7314,290.31,74,1,10.43,ZA,1670015507
258,sivagiri,9.3333,77.4333,297.0,88,100,0.93,IN,1670015507
259,dalvik,65.9702,-18.5286,276.38,82,97,1.73,IS,1670015507
260,tiarei,-17.5333,-149.3333,302.16,82,20,7.76,PF,1670015507
261,ancud,-41.8697,-73.8203,287.45,92,87,3.92,CL,1670015507
262,dingle,10.9995,122.6711,297.07,93,95,3.32,PH,1670015508
263,dapaong,10.8639,0.205,300.2,23,13,2.02,TG,1670015252
264,beloha,-25.1667,45.05,296.8,85,100,1.44,MG,1670015508
265,lubao,14.9167,120.55,299.19,88,100,3.55,PH,1670015508
266,ban nahin,18.2418,104.2122,290.43,88,11,1.63,LA,1670015509
267,richards bay,-28.783,32.0377,295.78,73,92,1.9,ZA,1670015509
268,san carlos de bariloche,-41.1456,-71.3082,290.01,45,75,11.32,AR,1670015302
269,ogulin,45.2661,15.2286,275.15,100,100,0.71,HR,1670015509
270,poso,-1.3959,120.7524,297.59,90,100,1.5,ID,1670015509
271,puerto baquerizo moreno,-0.9,-89.6,295.7,88,75,5.14,EC,1670015509
272,bairiki,1.3292,172.9752,302.15,70,40,4.63,KI,1670015510
273,isla mujeres,21.2311,-86.731,302.18,68,4,7.38,MX,1670015510
274,lavrentiya,65.5833,-171.0,273.43,99,100,5.21,RU,1670015510
275,raudeberg,61.9875,5.1352,275.52,59,21,3.94,NO,1670015510
276,quatre cocos,-20.2078,57.7625,294.31,73,4,1.97,MU,1670015510
277,la romana,18.4273,-68.9728,301.35,65,40,5.14,DO,1670015511
278,kostomuksha,64.571,30.5767,267.32,98,100,0.43,RU,1670015511
279,jibuti,11.5,42.5,294.5,75,0,4.8,DJ,1670015512
280,juneau,58.3019,-134.4197,271.6,86,40,0.0,US,1670015512
281,saint george,37.1041,-113.5841,288.48,35,0,3.6,US,1670015512
282,lasa,46.6166,10.7002,275.02,97,93,1.29,IT,1670015512
283,scottsbluff,41.8666,-103.6672,271.28,66,100,12.86,US,1670015232
284,karonga,-9.9333,33.9333,297.43,71,100,1.37,MW,1670015513
285,kitimat,54.0524,-128.6534,267.54,54,100,2.65,CA,1670015513
286,gravdal,68.1214,13.5031,276.09,70,20,2.57,NO,1670015513
287,riyadh,24.6877,46.7219,292.25,45,4,2.45,SA,1670014914
288,dzhebariki-khaya,62.2167,135.8,235.17,99,100,0.6,RU,1670015513
289,noumea,-22.2763,166.4572,304.14,99,100,2.72,NC,1670015514
290,puro,12.4841,123.3827,299.08,87,99,6.32,PH,1670015514
291,jega,12.2175,4.3792,299.0,26,27,3.61,NG,1670015514
292,tilichiki,60.4667,166.1,261.75,87,100,2.72,RU,1670015514
293,huarmey,-10.0681,-78.1522,295.75,73,94,5.5,PE,1670015515
294,kavieng,-2.5744,150.7967,300.05,79,100,1.56,PG,1670015515
295,kirovskiy,45.0917,133.5136,260.08,87,74,2.66,RU,1670015515
296,maragogi,-9.0122,-35.2225,298.7,76,15,3.12,BR,1670015515
297,manta,-0.95,-80.7333,301.03,65,20,6.69,EC,1670015515
298,hami,42.8,93.45,264.7,28,99,1.07,CN,1670015516
299,malinovoye ozero,51.6753,79.7825,252.09,100,85,1.43,RU,1670015516
300,williston,48.147,-103.618,256.66,66,97,4.02,US,1670015516
301,matara,5.9485,80.5353,297.14,90,66,1.71,LK,1670015516
302,san quintin,30.4833,-115.95,290.42,55,99,4.76,MX,1670015516
303,marystown,47.1666,-55.1483,274.49,64,68,8.94,CA,1670015517
304,vostok,46.4856,135.8833,251.69,93,39,2.44,RU,1670015517
305,jardim,-21.4803,-56.1381,298.44,79,82,3.25,BR,1670015517
306,hithadhoo,-0.6,73.0833,300.78,74,99,4.73,MV,1670015517
307,kaduy,59.2,37.15,261.89,95,100,2.4,RU,1670015518
308,coari,-4.085,-63.1414,296.53,98,100,1.38,BR,1670015518
309,turukhansk,65.8167,87.9833,256.14,97,100,3.56,RU,1670015485
310,lodwar,3.1191,35.5973,301.47,44,78,8.47,KE,1670015518
311,thompson,55.7435,-97.8558,250.19,88,6,1.87,CA,1670015519
312,teya,60.3778,92.6267,249.26,99,100,1.61,RU,1670015519
313,hualmay,-11.0964,-77.6139,295.48,71,57,5.39,PE,1670015519
314,coihaique,-45.5752,-72.0662,288.49,55,75,5.66,CL,1670015520
315,khandyga,62.6667,135.6,232.21,100,99,0.95,RU,1670015520
316,hirara,24.8,125.2833,297.85,83,100,8.2,JP,1670015520
317,obeliai,55.9667,25.15,261.64,96,58,2.19,LT,1670015520
318,oksfjord,70.2396,22.3479,275.25,91,29,4.85,NO,1670015521
319,laguna,38.421,-121.4238,285.35,72,0,5.14,US,1670015521
320,baghdad,33.3406,44.4009,287.1,94,37,1.54,IQ,1670015522
321,rzhev,56.2624,34.3282,265.91,90,100,3.08,RU,1670015500
322,hofn,64.2539,-15.2082,278.07,71,10,3.33,IS,1670015522
323,geraldton,-28.7667,114.6,289.38,77,75,3.6,AU,1670015522
324,kulhudhuffushi,6.6221,73.07,299.97,76,88,1.87,MV,1670015522
325,puerto madryn,-42.7692,-65.0385,301.9,27,92,9.63,AR,1670015523
326,kununurra,-15.7667,128.7333,292.14,88,83,0.51,AU,1670015523
327,korsakov,46.6328,142.7813,263.06,81,83,5.34,RU,1670015523
328,starokamyshinsk,55.0554,61.6031,250.47,98,13,2.03,RU,1670015523
329,grand gaube,-20.0064,57.6608,294.47,78,6,3.04,MU,1670015524
330,vila velha,-20.3297,-40.2925,296.12,98,100,4.12,BR,1670015524
331,statesville,35.7826,-80.8873,286.98,44,100,1.54,US,1670015524
332,tiznit,29.5833,-9.5,286.28,86,60,2.53,MA,1670015524
333,constitucion,-35.3333,-72.4167,291.62,55,7,5.85,CL,1670015525
334,norman wells,65.282,-126.8329,262.17,85,100,2.57,CA,1670015525
335,marawi,7.9986,124.2928,292.61,91,100,0.76,PH,1670015525
336,rudnogorsk,57.2639,103.7519,253.81,94,100,3.87,RU,1670015525
337,valer,60.6785,11.8331,267.69,97,98,1.24,NO,1670015525
338,petropavlovsk-kamchatskiy,53.0452,158.6483,257.48,85,20,3.0,RU,1670015481
339,abu dhabi,24.4667,54.3667,299.16,72,0,1.03,AE,1670015241
340,antioch,36.2066,36.1572,284.05,79,7,1.05,TR,1670015526
341,clyde river,70.4692,-68.5914,251.28,77,100,19.55,CA,1670015526
342,ranau,5.9538,116.6641,293.4,96,98,0.22,MY,1670015526
343,broome,42.2506,-75.833,277.85,57,100,3.09,US,1670015527
344,biak,-0.9131,122.8766,297.57,83,100,0.77,ID,1670015527
345,terrace,54.5163,-128.6035,267.56,58,88,1.66,CA,1670015528
346,victor harbor,-35.5667,138.6167,292.97,48,0,2.07,AU,1670015528
347,mackay,-21.15,149.2,296.86,73,37,8.23,AU,1670015528
348,yamada,39.4667,141.95,273.93,66,5,2.36,JP,1670015528
349,inuvik,68.3499,-133.7218,260.95,89,100,3.07,CA,1670015529
350,ixtapa,20.7,-105.2,302.72,54,0,5.14,MX,1670015529
351,ayr,55.4627,-4.6339,281.1,87,75,2.57,GB,1670015529
352,meulaboh,4.1363,96.1285,296.59,90,100,1.72,ID,1670015529
353,isiro,2.7739,27.616,291.57,97,54,0.99,CD,1670015529
354,south sioux city,42.4739,-96.4136,273.12,74,0,10.29,US,1670015530
355,alboraya,39.5,-0.35,286.42,62,75,3.13,ES,1670015270
356,itoman,26.1247,127.6694,294.58,96,100,6.17,JP,1670015257
357,nisia floresta,-6.0911,-35.2086,299.6,71,46,3.41,BR,1670015530
358,tirodi,21.6833,79.7,289.65,68,9,1.42,IN,1670015530
359,palkino,57.5409,28.0126,265.01,99,90,1.34,RU,1670015531
360,puksoozero,62.5903,40.6066,263.85,83,100,2.26,RU,1670015531
361,port macquarie,-31.4333,152.9167,290.87,80,91,2.79,AU,1670015531
362,bichura,50.5881,107.6022,254.76,85,100,3.64,RU,1670015531
363,le port,-20.9373,55.2919,296.15,84,18,1.13,RE,1670015531
364,ponta do sol,32.6667,-17.1,291.88,65,84,5.9,PT,1670015532
365,isangel,-19.55,169.2667,301.61,79,100,6.36,VU,1670015532
366,marietta,33.9526,-84.5499,289.68,58,75,4.12,US,1670015532
367,victoria,22.2855,114.1577,291.07,76,100,4.47,HK,1670015402
368,krasnyy kommunar,51.9644,55.3668,257.19,65,0,8.0,RU,1670015533
369,ahero,-0.1746,34.9163,291.02,81,70,2.39,KE,1670015533
370,port blair,11.6667,92.75,299.81,80,79,3.39,IN,1670015533
371,timbo,-26.8233,-49.2717,300.32,90,100,1.15,BR,1670015533
372,lakota,5.8528,-5.6883,295.44,96,41,1.5,CI,1670015534
373,jasrana,27.25,78.6833,289.24,50,0,0.84,IN,1670015534
374,macvanska mitrovica,44.9656,19.5981,277.6,85,99,2.38,RS,1670015534
375,pangoa,-12.1167,-73.0,295.51,97,98,0.75,PE,1670015534
376,klaksvik,62.2266,-6.589,282.66,98,100,6.21,FO,1670015535
377,cuamba,-14.8031,36.5372,295.28,77,98,1.54,MZ,1670015535
378,smirnykh,49.75,142.8333,258.33,96,100,0.7,RU,1670015535
379,deer lake,49.1667,-57.4316,272.07,59,75,5.66,CA,1670015535
380,tucuman,-26.8241,-65.2226,304.15,23,20,1.54,AR,1670015326
381,hit,33.6416,42.8251,288.74,62,85,3.68,IQ,1670015536
382,bam,29.106,58.357,285.7,39,2,1.54,IR,1670015354
383,youghal,51.95,-7.8506,280.71,100,93,4.09,IE,1670015536
384,swellendam,-34.0226,20.4417,288.51,66,89,3.84,ZA,1670015536
385,alta floresta,-9.8756,-56.0861,300.26,73,86,1.18,BR,1670015536
386,rovaniemi,66.5,25.7167,268.82,100,100,3.09,FI,1670015339
387,mangla,31.8931,72.3817,288.49,30,0,2.57,PK,1670015448
388,prince rupert,54.3161,-130.3201,271.06,48,72,3.03,CA,1670015537
389,agua prieta,31.3,-109.5667,297.25,33,0,8.23,MX,1670015537
390,kaeo,-35.1,173.7833,290.53,50,3,2.66,NZ,1670015537
391,bhadasar,28.2833,74.3167,289.75,27,11,2.66,IN,1670015538
392,krasnoselkup,65.7,82.4667,258.89,95,100,6.29,RU,1670015538
393,newport,51.5877,-2.9984,278.77,70,46,6.24,GB,1670015538
394,cascais,38.6979,-9.4215,285.89,75,0,5.36,PT,1670015539
395,samarai,-10.6167,150.6667,300.03,80,100,2.13,PG,1670015539
396,nalut,30.3333,10.85,288.37,27,62,5.24,LY,1670015539
397,yanam,16.7333,82.2167,297.03,86,23,1.87,IN,1670015539
398,mumford,5.2618,-0.759,299.2,82,91,4.55,GH,1670015539
399,dutse,11.7594,9.3392,296.18,25,97,2.95,NG,1670015540
400,bonavista,48.6499,-53.1147,274.78,66,20,9.95,CA,1670015540
401,fougamou,-1.2154,10.5838,296.34,96,100,0.52,GA,1670015540
402,okha,53.5739,142.9478,251.1,96,69,6.55,RU,1670015541
403,tateyama,34.9833,139.8667,283.57,74,100,4.7,JP,1670015541
404,chuy,-33.6971,-53.4616,293.64,79,97,5.65,UY,1670015541
405,kathmandu,27.7167,85.3167,283.27,87,20,1.54,NP,1670015541
406,rock hill,34.9249,-81.0251,288.14,52,100,0.0,US,1670015542
407,chibuto,-24.6867,33.5306,296.26,77,0,4.18,MZ,1670015542
408,sterling,39.0062,-77.4286,283.63,39,75,4.12,US,1670015543
409,orlik,52.5178,99.825,242.93,92,67,1.19,RU,1670015543
410,am timan,11.0297,20.2827,300.01,25,83,2.5,TD,1670015359
411,sabang,5.8933,95.3214,299.9,72,100,1.36,ID,1670015543
412,praia da vitoria,38.7333,-27.0667,286.35,67,53,12.05,PT,1670015544
413,sakakah,29.9697,40.2064,287.85,61,0,3.51,SA,1670015544
414,gizo,-8.103,156.8419,299.04,84,100,1.07,SB,1670015544
415,xingyi,24.1877,102.817,286.0,85,96,2.8,CN,1670015544
416,bagdarin,54.4333,113.6,247.13,82,87,1.71,RU,1670015545
417,belmonte,-15.8631,-38.8828,297.19,89,100,4.31,BR,1670015545
418,obo,5.3998,26.4869,294.31,77,99,0.92,CF,1670015545
419,polunochnoye,60.8697,60.4153,252.09,98,5,1.49,RU,1670015546
420,sand springs,36.1398,-96.1089,286.99,86,100,6.17,US,1670015546
421,jinxiang,27.4327,120.6062,285.51,91,100,4.5,CN,1670015546
422,ilulissat,69.2167,-51.1,281.16,42,100,13.38,GL,1670015335
423,bundaberg,-24.85,152.35,293.27,73,36,1.79,AU,1670015546
424,eyl,7.9803,49.8164,298.12,74,8,6.83,SO,1670015547
425,senanga,-16.1167,23.2667,296.06,32,0,0.55,ZM,1670015547
426,villazon,-22.0866,-65.5942,285.41,43,33,7.76,BO,1670015547
427,dunedin,-45.8742,170.5036,284.71,65,99,2.24,NZ,1670015347
428,mountain home,43.133,-115.6912,273.86,40,0,2.06,US,1670015548
429,margate,51.3813,1.3862,279.65,76,100,3.13,GB,1670015548
430,brownfield,33.1812,-102.2744,296.7,26,5,10.9,US,1670015548
431,nara,34.6851,135.8049,275.65,73,7,0.99,JP,1670015548
432,joao pinheiro,-17.7425,-46.1725,298.19,67,100,2.99,BR,1670015548
433,gamba,-2.65,10.0,297.71,91,100,1.89,GA,1670015549
434,klyuchi,52.2667,79.1667,251.87,99,37,2.13,RU,1670015549
435,etchoropo,26.7667,-109.6667,306.71,28,4,5.07,MX,1670015550
436,zhireken,52.8249,117.3076,241.48,98,36,1.21,RU,1670015550
437,husavik,66.0449,-17.3389,275.07,80,68,2.64,IS,1670015550
438,bud,39.447,-86.1758,287.12,41,100,8.41,US,1670015550
439,saint-denis,48.9167,2.3333,276.92,92,75,6.17,FR,1670015520
440,saint anthony,45.0205,-93.218,276.93,70,0,4.12,US,1670015551
441,sao filipe,14.8961,-24.4956,296.07,66,100,4.98,CV,1670015551
442,uddevalla,58.3478,11.9424,275.37,93,98,2.7,SE,1670015552
443,merke,42.8728,73.1786,270.62,68,28,1.29,KZ,1670015552
444,talnakh,69.4865,88.3972,258.82,97,100,4.1,RU,1670015552
445,mogadishu,2.0371,45.3438,299.43,80,77,5.87,SO,1670015553
446,aleppo,36.25,37.5,286.51,74,9,2.92,SY,1670015303
447,champerico,14.3,-91.9167,301.59,68,0,2.92,GT,1670015555
448,atherton,53.5237,-2.4935,280.31,88,31,0.45,GB,1670015555
449,iquique,-20.2208,-70.1431,294.17,62,21,3.05,CL,1670015385
450,byron bay,-28.65,153.6167,289.66,79,95,7.01,AU,1670015557
451,mount gambier,-37.8333,140.7667,289.24,66,6,1.96,AU,1670015557
452,mount isa,-20.7333,139.5,292.02,55,3,0.0,AU,1670015558
453,jumla,29.2747,82.1838,278.04,44,5,2.41,NP,1670015558
454,sorbhog,26.5,90.8667,289.55,63,0,2.08,IN,1670015558
455,pulandian,39.3953,121.9669,273.64,43,86,5.65,CN,1670015342
456,muisne,0.6,-80.0333,297.92,77,81,4.74,EC,1670015559
457,frontera,26.9333,-101.45,300.55,42,3,0.89,MX,1670015559
458,biltine,14.5333,20.9167,300.34,17,0,7.46,TD,1670015559
459,doha,25.2867,51.5333,297.14,78,3,4.12,QA,1670015346
460,baghmara,23.795,86.2085,289.14,45,0,1.76,IN,1670015560
461,el fuerte,26.4189,-108.6194,307.09,14,5,3.46,MX,1670015560
462,evensk,61.95,159.2333,264.18,89,100,0.87,RU,1670015560
463,mocuba,-16.8392,36.9856,293.93,93,68,2.14,MZ,1670015561
464,sioux lookout,50.1001,-91.917,269.03,92,100,2.51,CA,1670015561
465,ippy,6.2679,21.2247,297.64,64,100,1.92,CF,1670015561
466,guiglo,6.5456,-7.4966,295.14,97,100,1.29,CI,1670015561
467,waipawa,-41.4122,175.5153,284.24,64,93,4.36,NZ,1670015562
468,sangar,63.9242,127.4739,240.13,95,100,2.0,RU,1670015562
469,mayumba,-3.432,10.6554,297.63,85,100,1.83,GA,1670015562
470,roald,62.5833,6.1333,276.11,69,0,5.14,NO,1670015562
471,atasu,48.6814,71.6433,258.42,95,94,3.4,KZ,1670015563
472,show low,34.2542,-110.0298,284.6,25,100,6.69,US,1670015563
473,bridlington,54.0831,-0.1919,280.94,84,88,5.81,GB,1670015555
474,carnot,4.9409,15.8665,299.69,42,98,1.22,CF,1670015563
475,itamaraju,-17.0392,-39.5311,294.76,96,100,0.65,BR,1670015564
476,muros,42.7762,-9.0603,281.57,93,0,2.2,ES,1670015564
477,hervey bay,-25.2986,152.8535,293.92,69,87,9.14,AU,1670015564
478,belaya kholunitsa,58.84,50.8528,255.07,96,63,0.92,RU,1670015564
479,lagoa,39.05,-27.9833,286.5,64,74,12.61,PT,1670015564
480,necochea,-38.5473,-58.7368,295.64,32,0,4.53,AR,1670015565
481,labuhan,-6.8844,112.2051,297.94,86,100,3.96,ID,1670015565
482,boyolangu,-8.1181,111.8935,296.94,86,98,2.02,ID,1670015565
483,melilla,35.2937,-2.9383,286.36,100,40,1.54,ES,1670015565
484,mizdah,31.4451,12.9801,285.56,37,18,4.74,LY,1670015566
485,canyon,34.9803,-101.9188,296.62,15,16,12.67,US,1670015379
486,lesnoy,57.6198,63.0784,252.2,94,5,1.62,RU,1670015566
487,del rio,29.3627,-100.8968,292.21,69,0,4.12,US,1670015566
488,gazli,40.1333,63.45,270.24,29,0,3.05,UZ,1670015566
489,payo,-3.7508,103.6372,295.24,96,100,0.54,ID,1670015567
490,umm kaddadah,13.6017,26.6876,294.59,20,11,6.57,SD,1670015567
491,kabare,-2.4683,28.8242,288.84,96,100,0.36,CD,1670015567
492,wattegama,6.7989,81.4808,295.72,92,41,1.46,LK,1670015567
493,zhicheng,30.2956,111.5047,276.18,50,1,0.58,CN,1670015436
494,nanakuli,21.3906,-158.1547,301.16,55,20,4.63,US,1670015568
495,fare,-16.7,-151.0167,299.9,78,26,8.24,PF,1670015447
496,salalah,17.0151,54.0924,297.2,78,20,2.57,OM,1670015568
497,sarangani,5.4033,125.4636,301.15,75,100,8.44,PH,1670015568
498,daru,-9.0763,143.2092,298.74,85,100,5.41,PG,1670015568
499,syracuse,37.0881,15.2792,288.8,70,100,3.1,IT,1670015327
500,morondava,-20.2833,44.2833,298.94,79,70,3.23,MG,1670015569
501,anadyr,64.75,177.4833,267.43,86,20,8.0,RU,1670015569
502,altar,30.7,-111.8167,297.58,25,16,3.49,MX,1670015569
503,nantucket,41.2835,-70.0995,281.21,69,20,5.14,US,1670015570
504,salinopolis,-0.6136,-47.3561,299.81,83,99,6.09,BR,1670015570
505,mehamn,71.0357,27.8492,273.12,93,0,3.6,NO,1670015570
506,aurangabad,19.8833,75.3333,291.27,52,1,1.3,IN,1670015570
507,huilong,31.8111,121.655,280.33,83,100,2.84,CN,1670015570
508,altea,38.5989,-0.0514,286.56,77,99,7.72,ES,1670015341
509,luau,-10.7073,22.2247,291.22,94,95,1.78,AO,1670015571
510,poli,-3.3333,36.8,288.86,86,24,1.9,TZ,1670015571
511,thiruvananthapuram,8.4833,76.9167,298.14,88,75,3.09,IN,1670015571
512,nyurba,63.2842,118.3319,251.68,97,100,2.31,RU,1670015571
513,vardo,70.3705,31.1107,273.14,93,100,4.12,NO,1670015572
514,ivdel,60.6911,60.4206,252.29,98,5,1.39,RU,1670015572
515,matagami,49.7502,-77.6328,272.57,81,100,5.93,CA,1670015572
516,lukovetskiy,64.2956,41.9211,265.51,93,100,1.23,RU,1670015572
517,christchurch,-43.5333,172.6333,285.34,74,100,3.09,NZ,1670015491
518,providencia,28.7167,-111.5833,304.93,24,49,2.77,MX,1670015573
519,vagur,61.4732,-6.8119,282.16,96,100,10.24,FO,1670015573
520,monticello,45.3055,-93.7941,276.56,75,0,2.57,US,1670015573
521,makarov,48.6333,142.8,262.49,78,71,3.26,RU,1670015574
522,osmanabad,18.1667,76.05,294.64,63,8,3.36,IN,1670015570
523,westerly,41.3776,-71.8273,280.07,67,0,2.57,US,1670015574
524,bilibino,68.0546,166.4372,248.42,92,44,1.86,RU,1670015575
525,portland,45.5234,-122.6762,280.92,71,100,6.69,US,1670015575
526,bodden town,19.2833,-81.25,302.59,67,40,7.72,KY,1670015576
527,katsuura,35.1333,140.3,283.97,69,100,3.04,JP,1670015576
528,teknaf,20.8624,92.3058,294.76,76,4,2.63,BD,1670015576
529,campoverde,-8.4753,-74.8058,298.98,48,100,2.83,PE,1670015577
530,kikwit,-5.041,18.8162,294.71,95,99,0.69,CD,1670015577
531,townsville,-19.25,146.8,296.64,73,12,2.57,AU,1670015577
532,havre-saint-pierre,50.2334,-63.5986,268.67,74,70,6.87,CA,1670015577
533,nabire,-3.3667,135.4833,296.68,91,45,1.49,ID,1670015578
534,kungurtug,50.5994,97.5228,243.67,98,81,0.54,RU,1670015578
535,uthal,25.8072,66.6219,293.77,56,0,0.99,PK,1670015578
536,sheridan,44.8333,-106.9173,268.88,70,0,3.09,US,1670015579
537,hamilton,39.1834,-84.5333,287.15,38,75,9.26,US,1670015579
538,faya,18.3851,42.4509,285.44,64,1,0.24,SA,1670015579
539,niteroi,-22.8833,-43.1036,301.26,69,40,8.23,BR,1670015463
540,natal,-5.795,-35.2094,299.51,78,20,3.09,BR,1670015334
541,nha trang,12.25,109.1833,297.15,94,100,2.73,VN,1670015404
542,gigmoto,13.7796,124.39,299.67,87,93,6.07,PH,1670015580
543,mbanza-ngungu,-5.25,14.8667,292.33,97,100,1.26,CD,1670015581
544,guarapari,-20.6667,-40.4975,295.31,95,100,5.71,BR,1670015581
545,kassala,15.451,36.4,298.66,52,0,4.28,SD,1670015581
546,bandarbeyla,9.4942,50.8122,298.69,72,99,7.45,SO,1670015582
547,brainerd,46.358,-94.2008,275.16,64,100,5.66,US,1670015582
548,maningrida,-12.0667,134.2667,300.32,71,98,1.57,AU,1670015582
549,dengfeng,34.4553,113.0281,275.36,47,100,0.91,CN,1670015582
550,takoradi,4.8845,-1.7554,299.02,83,96,3.8,GH,1670015325
551,turayf,31.6725,38.6637,285.54,64,3,2.43,SA,1670015583
552,vegachi,6.7614,-74.7947,297.84,64,90,2.5,CO,1670015583
553,allapalli,19.4167,80.0667,291.64,79,0,0.86,IN,1670015583
554,quelimane,-17.8786,36.8883,294.88,80,43,2.7,MZ,1670015583
555,carutapera,-1.195,-46.02,299.37,80,100,4.26,BR,1670015583
556,mao,39.8885,4.2658,285.46,87,40,2.06,ES,1670015584
557,guerrero negro,27.9769,-114.0611,292.19,56,29,5.32,MX,1670015584
558,kirakira,-10.4544,161.9205,300.27,84,100,3.26,SB,1670015584
559,saint-paul,-21.0096,55.2707,296.21,78,17,0.13,RE,1670015545
560,rancharia,-22.2292,-50.8931,300.94,60,99,1.22,BR,1670015585
561,pangnirtung,66.1451,-65.7125,265.15,86,100,6.17,CA,1670015585
562,boa vista,2.8197,-60.6733,301.14,69,20,2.06,BR,1670015341
563,ossora,59.2353,163.0719,261.79,74,76,3.01,RU,1670015585
564,lieksa,63.3167,30.0167,270.08,96,100,2.22,FI,1670015585
565,jesus carranza,17.4333,-95.0333,299.06,84,48,5.07,MX,1670015585
566,namatanai,-3.6667,152.4333,299.24,85,100,0.74,PG,1670015586
567,vanavara,60.34,102.2797,252.07,96,100,2.86,RU,1670015586
568,caravelas,-17.7125,-39.2481,295.59,92,100,4.04,BR,1670015586
569,auki,-8.7676,160.7034,298.28,90,100,2.43,SB,1670015587
570,marabba,12.35,32.1833,300.26,22,0,5.83,SD,1670015587
571,great yarmouth,52.6083,1.7305,279.83,73,100,10.01,GB,1670015587
572,bogorodskoye,56.55,37.8833,261.59,95,96,2.19,RU,1670015588
